,pname,id
0,Christopher+Barnwell,330408
1,Johan+Botha,44149
2,Daniel+Christian,4864
3,Michael+Clarke,4578
4,Nathan+Coulter-Nile,261354
5,Akila+Dananjaya,574178
6,Quinton+de+Kock,379143
7,Fidel+Edwards,51782
8,James+Faulkner,270484
9,Manpreet+Gony,317293
10,Mois√©s+Henriques,5961
11,Jason+Holder,391485
12,Phillip+Hughes,272364
13,Ben+Laughlin,315623
14,Glenn+Maxwell,325026
15,Nathan+McCullum,37749
16,Clint+McKay,6903
17,Ryan+McLaren,46393
18,Ajantha+Mendis,268739
19,Jeevan+Mendis,49700
20,Chris+Morris,439952
21,Dirk+Nannes,6981
22,Jacob+Oram,38062
23,Thisara+Perera,233514
24,Luke+Pomersbach,232284
25,Ricky+Ponting,7133
26,Ravi+Rampaul,52912
27,Kane+Richardson,272262
28,Jesse+Ryder,38373
29,Darren+Sammy,53115
30,Pankaj+Singh,32973
31,Rudra+Singh,34057
32,Sudeep+Tyagi,317784
33,Jaydev+Unadkat,390484
